{
    "avg_prec": 0.5619124383119879,
    "roc_auc": 0.9334485904640697
}